序号,链接,节点数
0,https://8diFv3.absslk.xyz/e4c82ac9f971ece13350b5e2b1a31c8e,0
1,https://ZmOl17.mcsslk.xyz/736418c001aa07ad96ffa4cc5fa6a7ce,0
2,https://gitlab.com/colloq168/nodefiltrate/-/raw/main/filtrate?ref_type=heads,164
3,https://raw.githubusercontent.com/Alvin9999/pac2/master/clash.meta2/1/config.yaml,0
4,https://raw.githubusercontent.com/Alvin9999/pac2/master/clash.meta2/13/config.yaml,0
5,https://raw.githubusercontent.com/Alvin9999/pac2/master/clash.meta2/15/config.yaml,0
6,https://raw.githubusercontent.com/Alvin9999/pac2/master/clash.meta2/2/config.yaml,0
7,https://raw.githubusercontent.com/Alvin9999/pac2/master/clash.meta2/config.yaml,0
8,https://raw.githubusercontent.com/Huibq/TrojanLinks/master/links/vmess,0
9,https://raw.githubusercontent.com/Surfboardv2ray/TGParse/main/python/hy2,0
10,https://raw.githubusercontent.com/Surfboardv2ray/TGParse/main/python/hysteria2,9
11,https://raw.githubusercontent.com/qjlxg/hy2/main/splitted/hy2,17
12,https://raw.githubusercontent.com/ripaojiedian/freenode/main/clash,16
13,https://raw.githubusercontent.com/ripaojiedian/freenode/main/sub,19
14,https://raw.githubusercontent.com/zhangkaiitugithub/passcro/main/speednodes.yaml,238
15,dynamic://peasoft,0

总计,,448
